record_id,short_name,layers,functions,reasoning_tasks,claim_kind,counterfactual_semantics,wearable_relation,intervention_kind,study_design,question,action_space,estimand,identification_assumptions,validation_scope,evidence_boundary,ai_component,variables,result_direction,review_scope,source_ids,reviewed_on,annotation_note,local_record_id,imported_from
method-motr,MoTR,reasoning; function_variables,activity_behavior; sleep_circadian,causal_effect; longitudinal_effect,causal_method,potential_outcomes,mixed_wearable,none,observational_causal,What recurring within-person activity–sleep effect is compatible with a fitted longitudinal model?,Specified within-person physical-activity exposure contrasts; model-generated randomization.,"Recurring individual treatment effect under serial interference, averaged over repeated occasions.","Consistency of the specified exposure contrast; sufficient measured history for sequential exchangeability; overlap/positivity; appropriate handling of timing, carryover, missingness and model specification. These are applicability conditions, not verified guarantees.",Simulations and the authors’ longitudinal Fitbit step/sleep histories.,Model-twin randomization is computational. Observational identification and fitted-model assumptions remain; no real randomized sleep intervention is established.,Model-twin simulation / g-formula estimation.,"{'name': 'daily physical activity', 'role': 'exposure', 'timing': 'before subsequent sleep', 'actionability': 'observed_exposure', 'note': 'Role is specific to this question; it is not an intrinsic property of the variable.'}; {'name': 'sleep duration', 'role': 'outcome', 'timing': 'subsequent sleep', 'actionability': 'not_an_action', 'note': 'Role is specific to this question; it is not an intrinsic property of the variable.'}; {'name': 'past activity and sleep', 'role': 'confounder', 'timing': 'pre-exposure history', 'actionability': 'not_an_action', 'note': 'Candidate adjustment history; causal sufficiency is an assumption.'}",not_appraised,primary_abstract_metadata,causal-src-motr,2026-09-28,"Curator-proposed thematic mapping. Variable roles and applicability conditions are question-specific interpretations, not a claim that all author assumptions have been independently verified.",paper-motr,local-v1.2.0
method-crn-2020,Counterfactual Recurrent Network,reasoning,disease_risk; physiological_state,longitudinal_effect,causal_method,potential_outcomes,method_transfer,none,method_simulation,Counterfactual Recurrent Network,Candidate sequences of clinical treatments.,Counterfactual longitudinal outcomes under specified treatment sequences.,"Consistency of the specified exposure contrast; sufficient measured history for sequential exchangeability; overlap/positivity; appropriate handling of timing, carryover, missingness and model specification. These are applicability conditions, not verified guarantees.","Longitudinal treatment-outcome modeling, including simulated treatment trajectories.",Balancing representations does not eliminate unmeasured confounding. This is adjacent methodology with no wrist-deployment claim.,Adversarially balanced recurrent representations.,,not_appraised,institutional_publication_record,causal-src-crn,2026-09-28,"Curator-proposed thematic mapping. Variable roles and applicability conditions are question-specific interpretations, not a claim that all author assumptions have been independently verified.",paper-crn,local-v1.2.0
method-causal-transformer-2022,Causal Transformer,reasoning,disease_risk; physiological_state,longitudinal_effect,causal_method,potential_outcomes,method_transfer,none,method_simulation,Causal Transformer,Specified future treatment sequences.,Counterfactual outcome trajectories conditional on patient history.,"Consistency of the specified exposure contrast; sufficient measured history for sequential exchangeability; overlap/positivity; appropriate handling of timing, carryover, missingness and model specification. These are applicability conditions, not verified guarantees.",Synthetic and clinical longitudinal evaluation in the source paper.,Clinical time-series methodology; wearable transfer remains unvalidated here. Outcome prediction quality alone does not test all identification assumptions.,Attention-based longitudinal treatment representations.,,not_appraised,primary_abstract_metadata,causal-src-causal-transformer,2026-09-28,"Curator-proposed thematic mapping. Variable roles and applicability conditions are question-specific interpretations, not a claim that all author assumptions have been independently verified.",paper-causal-transformer,local-v1.2.0
watch-local-walking-fingerprinting,Walking fingerprinting,function_variables,identity; activity_behavior,prediction_association,prediction_association,not_applicable,direct_wrist,none,observational_prediction,Can wrist walking dynamics identify a person across segments or sessions?,Not applicable: no action is assigned in this resource.,Not applicable: this is not a treatment-effect claim.,Not applicable to the indexed claim.,IU and ZJU wrist accelerometry; within- and between-session identification tasks.,"Identity discrimination provides no causal mechanism, disease biomarker validity or treatment-response evidence. Cross-session performance must be reported separately.",Lagged acceleration distribution features and classifiers.,"{'name': 'person identifier', 'role': 'identity', 'timing': 'enrolment/test', 'actionability': 'not_an_action', 'note': 'Role is specific to this question; it is not an intrinsic property of the variable.'}; {'name': 'walking acceleration', 'role': 'measurement', 'timing': 'session', 'actionability': 'not_an_action', 'note': 'Role is specific to this question; it is not an intrinsic property of the variable.'}",not_appraised,primary_html_sections,causal-src-walking-fingerprinting,2026-09-28,"Curator-proposed thematic mapping. Variable roles and applicability conditions are question-specific interpretations, not a claim that all author assumptions have been independently verified.",paper-walking-fingerprinting,local-v1.2.0
method-mrt-health-psychology-2015,Micro-randomized trial design,reasoning; interventions,activity_behavior; context_receptivity,causal_effect; policy_evaluation,design_framework,potential_outcomes,mobile_adjacent,design_framework,review_framework,"When, for whom and under which context does an intervention component have a proximal effect?","Repeated randomization among eligible intervention options, including no action.",Proximal effects of randomized components and their time-varying moderation.,"Interpret the randomized assignment contrast under its trial protocol. Availability, missing outcomes, adherence, contamination and time effects can alter identification or generalization; assignment effects do not identify every mediator or individual counterfactual.",Experimental-design framework.,A trial design is not itself a successful intervention. Long-term clinical benefit requires an appropriate endpoint and design.,No learned policy required.,"{'name': 'decision-time availability', 'role': 'availability', 'timing': 'before randomization', 'actionability': 'not_an_action', 'note': 'Role is specific to this question; it is not an intrinsic property of the variable.'}; {'name': 'randomized prompt', 'role': 'action', 'timing': 'decision time', 'actionability': 'candidate_action', 'note': 'Role is specific to this question; it is not an intrinsic property of the variable.'}; {'name': 'next-window activity', 'role': 'outcome', 'timing': 'after randomization', 'actionability': 'not_an_action', 'note': 'Role is specific to this question; it is not an intrinsic property of the variable.'}",not_applicable,primary_abstract_metadata,causal-src-mrt-design,2026-09-28,"Curator-proposed thematic mapping. Variable roles and applicability conditions are question-specific interpretations, not a claim that all author assumptions have been independently verified.",paper-mrt-design,local-v1.2.0
method-heartsteps-mrt-2019,HeartSteps MRT,reasoning; function_variables; interventions,activity_behavior; context_receptivity,causal_effect; policy_evaluation,proximal_trial_effect,potential_outcomes,mixed_wearable,contextual_rule,micro_randomized_trial,What is the proximal effect of sending an activity suggestion at an eligible decision time?,"Walking suggestion, anti-sedentary suggestion or no suggestion, randomized at repeated times.",Effect of randomized suggestions on the following 30-minute step count.,"Interpret the randomized assignment contrast under its trial protocol. Availability, missing outcomes, adherence, contamination and time effects can alter identification or generalization; assignment effects do not identify every mediator or individual counterfactual.",Six-week MRT; 44 adults enrolled. Pooled suggestion comparison p=.06; type/time-specific effects differ.,The reported proximal outcome is not a disease-prevention endpoint. Do not relabel the original contextual-suggestion MRT as a deployed RL policy.,Contextually tailored suggestions; repeated randomization.,"{'name': 'context and availability', 'role': 'context', 'timing': 'before decision', 'actionability': 'not_an_action', 'note': 'Role is specific to this question; it is not an intrinsic property of the variable.'}; {'name': 'suggestion assignment', 'role': 'action', 'timing': 'decision time', 'actionability': 'implemented_action', 'note': 'Role is specific to this question; it is not an intrinsic property of the variable.'}; {'name': '30-minute steps', 'role': 'outcome', 'timing': 'after decision', 'actionability': 'not_an_action', 'note': 'Role is specific to this question; it is not an intrinsic property of the variable.'}",mixed,primary_abstract_metadata,causal-src-heartsteps-mrt,2026-09-28,"Curator-proposed thematic mapping. Variable roles and applicability conditions are question-specific interpretations, not a claim that all author assumptions have been independently verified.",paper-heartsteps-mrt,local-v1.2.0
method-jitai-annual-review-2026,JITAI design and research landscape,reasoning; interventions,activity_behavior; context_receptivity,policy_evaluation,design_framework,not_applicable,mobile_adjacent,design_framework,review_framework,JITAI design and research landscape,"Timing, content and intensity of adaptive support; context and receptivity inform decisions.",Not applicable: this is not a treatment-effect claim.,Not applicable to the indexed claim.,Author review of JITAI concepts and research directions.,A conceptual review does not provide a pooled clinical efficacy estimate. Adaptive tailoring does not imply reinforcement learning.,"Covers experimental design and personalization, not one fixed algorithm.",,not_applicable,primary_abstract_metadata,causal-src-jitai-review-2026,2026-09-28,"Curator-proposed thematic mapping. Variable roles and applicability conditions are question-specific interpretations, not a claim that all author assumptions have been independently verified.",paper-jitai-review-2026,local-v1.2.0
intervention-mybpmylife-2025,myBPmyLife: null primary BP result,reasoning; function_variables; interventions,activity_behavior; physiological_state; disease_risk,causal_effect; policy_evaluation,clinical_trial_effect,potential_outcomes,mixed_wearable,contextual_rule,randomized_trial,Does the adaptive activity/diet intervention improve blood pressure beyond the control condition?,Contextual activity and lower-sodium suggestions plus adaptive goals versus control.,Between-arm change in systolic blood pressure at six months.,"Interpret the randomized assignment contrast under its trial protocol. Availability, missing outcomes, adherence, contamination and time effects can alter identification or generalization; assignment effects do not identify every mediator or individual counterfactual.",No primary SBP benefit: between-arm difference +0.5 mmHg (95% CI −2.4 to 3.3; p=.76). Behavior outcomes differed.,An improved step count cannot be substituted for the null primary BP endpoint. BP was measured by a separate cuff. The indexed intervention is not verified as an RL policy.,Context-based suggestions and adaptive goals; learned-policy component not established.,"{'name': 'notification/goal support', 'role': 'action', 'timing': 'trial period', 'actionability': 'implemented_action', 'note': 'Role is specific to this question; it is not an intrinsic property of the variable.'}; {'name': 'daily steps', 'role': 'outcome', 'timing': 'proximal follow-up', 'actionability': 'not_an_action', 'note': 'Role is specific to this question; it is not an intrinsic property of the variable.'}; {'name': 'cuff-measured systolic BP', 'role': 'outcome', 'timing': 'six months', 'actionability': 'not_an_action', 'note': 'Role is specific to this question; it is not an intrinsic property of the variable.'}; {'name': 'daily steps on a hypothesized BP pathway', 'role': 'mediator', 'timing': 'after assignment', 'actionability': 'not_an_action', 'note': 'Candidate mediator only; no mediation effect is asserted.'}",null_primary,primary_html_sections,causal-src-mybpmylife,2026-09-28,"Curator-proposed thematic mapping. Variable roles and applicability conditions are question-specific interpretations, not a claim that all author assumptions have been independently verified.",paper-mybpmylife,local-v1.2.0
intervention-control-iq-2019,Control-IQ randomized trial,reasoning; interventions,physiological_state,causal_effect; policy_evaluation,clinical_trial_effect,potential_outcomes,other_wearable,closed_loop,randomized_trial,Control-IQ randomized trial,CGM-informed automated insulin delivery versus sensor-augmented pump therapy.,Between-arm difference in percentage of CGM time within 70–180 mg/dL over six months.,"Interpret the randomized assignment contrast under its trial protocol. Availability, missing outcomes, adherence, contamination and time effects can alter identification or generalization; assignment effects do not identify every mediator or individual counterfactual.",168 randomized participants; target-range time difference 11 percentage points (95% CI 9 to 14).,CGM and insulin-pump results are not wrist-only evidence. The tested controller is not equated with reinforcement learning; efficacy does not imply absence of device risks.,Automated feedback controller; neural/RL policy not required.,"{'name': 'CGM glucose', 'role': 'measurement', 'timing': 'feedback cycle', 'actionability': 'not_an_action', 'note': 'Role is specific to this question; it is not an intrinsic property of the variable.'}; {'name': 'automated insulin delivery', 'role': 'action', 'timing': 'feedback cycle', 'actionability': 'implemented_action', 'note': 'Role is specific to this question; it is not an intrinsic property of the variable.'}; {'name': 'time in glucose range', 'role': 'outcome', 'timing': 'six-month follow-up', 'actionability': 'not_an_action', 'note': 'Role is specific to this question; it is not an intrinsic property of the variable.'}",positive_primary,primary_abstract_metadata,causal-src-control-iq-rct,2026-09-28,"Curator-proposed thematic mapping. Variable roles and applicability conditions are question-specific interpretations, not a claim that all author assumptions have been independently verified.",paper-control-iq-rct,local-v1.2.0
intervention-aid-digital-twin-coadaptation-2025,Digital-twin assisted AID co-adaptation,reasoning; function_variables; interventions,physiological_state,policy_evaluation,clinical_trial_effect,mechanistic_replay,other_wearable,decision_support,randomized_sequence_trial,Does a digital-twin co-adaptation package improve outcomes when added to automated insulin delivery?,"Digital-twin replay, suggested parameter updates and user what-if exploration versus information-feedback periods.",Protocol-defined CGM time-in-range contrast for the co-adaptation package versus AID-alone baseline.,"Interpret the randomized assignment contrast under its trial protocol. Availability, missing outcomes, adherence, contamination and time effects can alter identification or generalization; assignment effects do not identify every mediator or individual counterfactual. The randomized sequence and persistent effects require care: this is not a simple independent parallel-arm contrast.",72 completed the six-month randomized-sequence study. Replay model and clinical package evaluated together.,Supports the tested co-adaptation package under its trial design. It does not validate every simulated individual what-if trajectory or transfer to other diseases/devices.,Mechanistic replay and parameter optimization with human implementation; embedded AID provides feedback control.,,positive_primary,publisher_indexed_abstract,causal-src-digital-twin-aid,2026-09-28,"Curator-proposed thematic mapping. Variable roles and applicability conditions are question-specific interpretations, not a claim that all author assumptions have been independently verified.",paper-digital-twin-aid,local-v1.2.0
dataset-wisdm,WISDM Smartphone and Smartwatch,function_variables,identity; activity_behavior,not_applicable,resource_support,not_applicable,direct_wrist,none,resource,WISDM Smartphone and Smartwatch,Not applicable: no action is assigned in this resource.,Not applicable: this is not a treatment-effect claim.,Not applicable to the indexed claim.,Scope mapped from the existing source-linked catalogue; no new comprehensive source re-appraisal.,WISDM supports separate activity and identity tasks. Its scripted protocol does not establish long-term identity stability.,unknown,,not_applicable,existing_registry_metadata,s-wisdm-watch,2026-09-28,"Curator-proposed thematic mapping. Variable roles and applicability conditions are question-specific interpretations, not a claim that all author assumptions have been independently verified.",wisdm-watch,local-v1.2.0
dataset-capture24,CAPTURE-24,function_variables,activity_behavior,not_applicable,resource_support,not_applicable,direct_wrist,none,resource,CAPTURE-24,Not applicable: no action is assigned in this resource.,Not applicable: this is not a treatment-effect claim.,Not applicable to the indexed claim.,Scope mapped from the existing source-linked catalogue; no new comprehensive source re-appraisal.,Activity labels support behavior measurement. They are not randomized intervention assignments.,unknown,,not_applicable,existing_registry_metadata,s-capture24,2026-09-28,"Curator-proposed thematic mapping. Variable roles and applicability conditions are question-specific interpretations, not a claim that all author assumptions have been independently verified.",capture24,local-v1.2.0
dataset-wesad,WESAD,function_variables,physiological_state; context_receptivity,not_applicable,resource_support,not_applicable,mixed_wearable,none,resource,WESAD,Not applicable: no action is assigned in this resource.,Not applicable: this is not a treatment-effect claim.,Not applicable to the indexed claim.,Scope mapped from the existing source-linked catalogue; no new comprehensive source re-appraisal.,Stress/affect labels do not show when a stress intervention is beneficial or welcome.,unknown,,not_applicable,existing_registry_metadata,s-wesad,2026-09-28,"Curator-proposed thematic mapping. Variable roles and applicability conditions are question-specific interpretations, not a claim that all author assumptions have been independently verified.",wesad,local-v1.2.0
dataset-ppg-dalia,PPG-DaLiA,function_variables,physiological_state; measurement_quality,not_applicable,resource_support,not_applicable,mixed_wearable,none,resource,PPG-DaLiA,Not applicable: no action is assigned in this resource.,Not applicable: this is not a treatment-effect claim.,Not applicable to the indexed claim.,Scope mapped from the existing source-linked catalogue; no new comprehensive source re-appraisal.,"Heart-rate estimation with motion artifacts is a measurement task, not a treatment-effect study.",unknown,,not_applicable,existing_registry_metadata,s-ppg-dalia,2026-09-28,"Curator-proposed thematic mapping. Variable roles and applicability conditions are question-specific interpretations, not a claim that all author assumptions have been independently verified.",ppg-dalia,local-v1.2.0
dataset-uk-biobank-accelerometer,UK Biobank accelerometry (2017 analysis),function_variables,activity_behavior; sleep_circadian; disease_risk,not_applicable,resource_support,not_applicable,direct_wrist,none,resource,UK Biobank accelerometry (2017 analysis),Not applicable: no action is assigned in this resource.,Not applicable: this is not a treatment-effect claim.,Not applicable to the indexed claim.,Scope mapped from the existing source-linked catalogue; no new comprehensive source re-appraisal.,Cohort linkage supports prediction and observational research; action histories and identification requirements depend on the causal question.,unknown,,not_applicable,existing_registry_metadata,s-ukb-accelerometry,2026-09-28,"Curator-proposed thematic mapping. Variable roles and applicability conditions are question-specific interpretations, not a claim that all author assumptions have been independently verified.",ukb-accelerometry,local-v1.2.0
dataset-nhanes-2011-2012-wrist,NHANES 2011–2012 raw accelerometry,function_variables,activity_behavior; sleep_circadian; disease_risk,not_applicable,resource_support,not_applicable,direct_wrist,none,resource,NHANES 2011–2012 raw accelerometry,Not applicable: no action is assigned in this resource.,Not applicable: this is not a treatment-effect claim.,Not applicable to the indexed claim.,Scope mapped from the existing source-linked catalogue; no new comprehensive source re-appraisal.,A raw wrist cohort resource does not itself supply identified counterfactual outcomes.,unknown,,not_applicable,existing_registry_metadata,s-nhanes-1112,2026-09-28,"Curator-proposed thematic mapping. Variable roles and applicability conditions are question-specific interpretations, not a claim that all author assumptions have been independently verified.",nhanes-1112,local-v1.2.0
dataset-nhanes-2013-2014-wrist,NHANES 2013–2014 raw accelerometry,function_variables,activity_behavior; sleep_circadian; disease_risk,not_applicable,resource_support,not_applicable,direct_wrist,none,resource,NHANES 2013–2014 raw accelerometry,Not applicable: no action is assigned in this resource.,Not applicable: this is not a treatment-effect claim.,Not applicable to the indexed claim.,Scope mapped from the existing source-linked catalogue; no new comprehensive source re-appraisal.,Data release and participant overlap must be preserved; future causal use needs a specified estimand.,unknown,,not_applicable,existing_registry_metadata,s-nhanes-1314,2026-09-28,"Curator-proposed thematic mapping. Variable roles and applicability conditions are question-specific interpretations, not a claim that all author assumptions have been independently verified.",nhanes-1314,local-v1.2.0
dataset-all-of-us-fitbit,All of Us Fitbit (CDR v8),function_variables,activity_behavior; sleep_circadian; disease_risk,not_applicable,resource_support,not_applicable,mixed_wearable,none,resource,All of Us Fitbit (CDR v8),Not applicable: no action is assigned in this resource.,Not applicable: this is not a treatment-effect claim.,Not applicable to the indexed claim.,Scope mapped from the existing source-linked catalogue; no new comprehensive source re-appraisal.,Longitudinal wearable/EHR linkage is distinct from randomized action logs; published analytic cohorts may use older releases.,unknown,,not_applicable,existing_registry_metadata,s-allofus-fitbit-v8,2026-09-28,"Curator-proposed thematic mapping. Variable roles and applicability conditions are question-specific interpretations, not a claim that all author assumptions have been independently verified.",allofus-fitbit-v8,local-v1.2.0
model-papagei-2025,PaPaGei: Open Foundation Models for Optical Physiological Signals,function_variables,physiological_state,not_applicable,resource_support,not_applicable,mixed_wearable,none,resource,PaPaGei: Open Foundation Models for Optical Physiological Signals,Not applicable: no action is assigned in this resource.,Not applicable: this is not a treatment-effect claim.,Not applicable to the indexed claim.,Scope mapped from the existing source-linked catalogue; no new comprehensive source re-appraisal.,Physiological representations support downstream tasks; representation transfer does not by itself establish intervention effects.,unknown,,not_applicable,existing_registry_metadata,s-model-papagei,2026-09-28,"Curator-proposed thematic mapping. Variable roles and applicability conditions are question-specific interpretations, not a claim that all author assumptions have been independently verified.",paper-papagei,local-v1.2.0
model-papagei-2025,PaPaGei,function_variables,physiological_state,not_applicable,resource_support,not_applicable,mixed_wearable,none,resource,PaPaGei,Not applicable: no action is assigned in this resource.,Not applicable: this is not a treatment-effect claim.,Not applicable to the indexed claim.,Scope mapped from the existing source-linked catalogue; no new comprehensive source re-appraisal.,"Model and paper are two records of a related work, not independent evidence.",unknown,,not_applicable,existing_registry_metadata,s-model-papagei,2026-09-28,"Curator-proposed thematic mapping. Variable roles and applicability conditions are question-specific interpretations, not a claim that all author assumptions have been independently verified.",model-papagei,local-v1.2.0
model-ssl-wearables-700k-days-2024,"Self-supervised learning for human activity recognition using 700,000 person-days of wearable data",function_variables,activity_behavior,not_applicable,resource_support,not_applicable,direct_wrist,none,resource,"Self-supervised learning for human activity recognition using 700,000 person-days of wearable data",Not applicable: no action is assigned in this resource.,Not applicable: this is not a treatment-effect claim.,Not applicable to the indexed claim.,Scope mapped from the existing source-linked catalogue; no new comprehensive source re-appraisal.,HAR representation performance supports behavior estimation; it is not an intervention result.,unknown,,not_applicable,existing_registry_metadata,s-model-harnet,2026-09-28,"Curator-proposed thematic mapping. Variable roles and applicability conditions are question-specific interpretations, not a claim that all author assumptions have been independently verified.",paper-harnet,local-v1.2.0
model-ssl-wearables-700k-days-2024,HARNet / ssl-wearables,function_variables,activity_behavior,not_applicable,resource_support,not_applicable,direct_wrist,none,resource,HARNet / ssl-wearables,Not applicable: no action is assigned in this resource.,Not applicable: this is not a treatment-effect claim.,Not applicable to the indexed claim.,Scope mapped from the existing source-linked catalogue; no new comprehensive source re-appraisal.,A pretrained activity representation is not a causal digital twin.,unknown,,not_applicable,existing_registry_metadata,s-model-harnet,2026-09-28,"Curator-proposed thematic mapping. Variable roles and applicability conditions are question-specific interpretations, not a claim that all author assumptions have been independently verified.",model-harnet,local-v1.2.0
model-sensorlm-2025,SensorLM: Learning the Language of Wearable Sensors,function_variables,activity_behavior; physiological_state,not_applicable,resource_support,not_applicable,mixed_wearable,none,resource,SensorLM: Learning the Language of Wearable Sensors,Not applicable: no action is assigned in this resource.,Not applicable: this is not a treatment-effect claim.,Not applicable to the indexed claim.,Scope mapped from the existing source-linked catalogue; no new comprehensive source re-appraisal.,Sensor-language alignment does not independently establish causal health recommendations.,unknown,,not_applicable,existing_registry_metadata,s-model-sensorlm,2026-09-28,"Curator-proposed thematic mapping. Variable roles and applicability conditions are question-specific interpretations, not a claim that all author assumptions have been independently verified.",paper-sensorlm,local-v1.2.0
model-sensorlm-2025,SensorLM,function_variables,activity_behavior; physiological_state,not_applicable,resource_support,not_applicable,mixed_wearable,none,resource,SensorLM,Not applicable: no action is assigned in this resource.,Not applicable: this is not a treatment-effect claim.,Not applicable to the indexed claim.,Scope mapped from the existing source-linked catalogue; no new comprehensive source re-appraisal.,Sensor-language capability and therapeutic effectiveness must be evaluated separately.,unknown,,not_applicable,existing_registry_metadata,s-model-sensorlm,2026-09-28,"Curator-proposed thematic mapping. Variable roles and applicability conditions are question-specific interpretations, not a claim that all author assumptions have been independently verified.",model-sensorlm,local-v1.2.0
model-sleepfm-clinical-2026,A multimodal sleep foundation model for disease prediction,function_variables,sleep_circadian; disease_risk,not_applicable,resource_support,not_applicable,other_wearable,none,resource,A multimodal sleep foundation model for disease prediction,Not applicable: no action is assigned in this resource.,Not applicable: this is not a treatment-effect claim.,Not applicable to the indexed claim.,Scope mapped from the existing source-linked catalogue; no new comprehensive source re-appraisal.,Polysomnography-based disease prediction is not wrist-only validation or a sleep-intervention effect.,unknown,,not_applicable,existing_registry_metadata,s-model-sleepfm,2026-09-28,"Curator-proposed thematic mapping. Variable roles and applicability conditions are question-specific interpretations, not a claim that all author assumptions have been independently verified.",paper-sleepfm,local-v1.2.0
model-sleepfm-clinical-2026,SleepFM,function_variables,sleep_circadian; disease_risk,not_applicable,resource_support,not_applicable,other_wearable,none,resource,SleepFM,Not applicable: no action is assigned in this resource.,Not applicable: this is not a treatment-effect claim.,Not applicable to the indexed claim.,Scope mapped from the existing source-linked catalogue; no new comprehensive source re-appraisal.,Predictive model indexing does not imply a validated personal counterfactual simulator.,unknown,,not_applicable,existing_registry_metadata,s-model-sleepfm,2026-09-28,"Curator-proposed thematic mapping. Variable roles and applicability conditions are question-specific interpretations, not a claim that all author assumptions have been independently verified.",model-sleepfm,local-v1.2.0
model-gluformer-2026,A foundation model for continuous glucose monitoring data,function_variables,physiological_state; disease_risk,not_applicable,resource_support,not_applicable,other_wearable,none,resource,A foundation model for continuous glucose monitoring data,Not applicable: no action is assigned in this resource.,Not applicable: this is not a treatment-effect claim.,Not applicable to the indexed claim.,Scope mapped from the existing source-linked catalogue; no new comprehensive source re-appraisal.,CGM representation/prediction is distinct from prescribing food or insulin with identified causal benefits.,unknown,,not_applicable,existing_registry_metadata,s-model-gluformer,2026-09-28,"Curator-proposed thematic mapping. Variable roles and applicability conditions are question-specific interpretations, not a claim that all author assumptions have been independently verified.",paper-gluformer,local-v1.2.0
model-gluformer-2026,GluFormer,function_variables,physiological_state; disease_risk,not_applicable,resource_support,not_applicable,other_wearable,none,resource,GluFormer,Not applicable: no action is assigned in this resource.,Not applicable: this is not a treatment-effect claim.,Not applicable to the indexed claim.,Scope mapped from the existing source-linked catalogue; no new comprehensive source re-appraisal.,A glucose model may motivate scenarios; a causal effect still requires justified action semantics and identification.,unknown,,not_applicable,existing_registry_metadata,s-model-gluformer,2026-09-28,"Curator-proposed thematic mapping. Variable roles and applicability conditions are question-specific interpretations, not a claim that all author assumptions have been independently verified.",model-gluformer,local-v1.2.0
