record_id,theme_role,application,entity,layers,functions,wearable_relation,personalization,update_mode,simulation_kind,execution,evaluation,causal_status,model_mechanism,state_variables,action_space,data_linkage,time_scope,validation_scope,claim_boundary,source_ids,review_scope,reviewed_on,classification_origin,local_record_id,imported_from
watch-local-dt-body-roadmap,conceptual_framework,framework,conceptual,function_variables; reasoning; interventions,physiological_state,wearable_context_proposed,proposed,proposed,framework_only,proposed,review_or_framework,not_applicable,Human-body twin development roadmap.,Multimodal physiological state,Proposed health decision support,Discusses wearable data integration; no new paired longitudinal cohort appraised.,Application-dependent development roadmap.,Conceptual synthesis; no new intervention outcome evaluated here.,A roadmap does not establish a working whole-body twin or clinical effectiveness.,dt-src-body-roadmap,abstract_metadata,2026-09-28,curator_assessment,paper-dt-body-roadmap,local-v1.2.0
method-dt-health-scoping,conceptual_framework,framework,conceptual,function_variables; reasoning; interventions,physiological_state; disease_risk,methodological_reference,proposed,proposed,framework_only,proposed,review_or_framework,not_applicable,Scoping review of health digital-twin applications and infrastructure.,Health and patient state,Planning and care applications discussed,Broad healthcare review; includes non-wearable hospital and imaging applications.,No single implementation cadence.,"Landscape and limitations, rather than a new wearable validation cohort.",Only wearable-relevant concepts are mapped; the entire healthcare DT literature is not relabeled wearable evidence.,dt-src-health-scoping,primary_sections,2026-09-28,curator_assessment,paper-dt-health-scoping,local-v1.2.0
watch-local-dt-wearables-review,conceptual_framework,framework,conceptual,function_variables; reasoning; interventions,physiological_state; disease_risk,wearable_context_proposed,proposed,proposed,framework_only,proposed,review_or_framework,not_applicable,Review and proposal for wearable-enabled healthcare twins.,Wearable physiological measurements,Proposed personalized healthcare feedback,"Literature review and proposed integration, not newly collected patient data.","Continuous monitoring is discussed, not a tested common update interval.",Review/conceptual evidence.,Conceptual wearable integration does not establish an implemented autonomous twin.,dt-src-wearables-review,primary_sections,2026-09-28,curator_assessment,paper-dt-wearables-review,local-v1.2.0
watch-local-dt-nmsk-framework,conceptual_framework,musculoskeletal,conceptual,function_variables; reasoning; interventions,functional_status,methodological_reference,proposed,proposed,framework_only,proposed,review_or_framework,not_applicable,Functional architecture extending industrial digital-twin concepts to neuromusculoskeletal care.,Anatomy; Joint mechanics; Tissue-level measures,Rehabilitation planning; Assistive device control,Conceptual architecture with illustrative applications; not a new wearable outcome trial.,Cadence depends on monitoring versus active-control use.,Framework and application examples.,"This is a proposed adaptation, not a healthcare standard or proof of intervention effectiveness.",dt-src-nmsk-framework,primary_sections,2026-09-28,curator_assessment,paper-dt-nmsk-framework,local-v1.2.0
method-dt-lhmf,reported_twin,cardiovascular,individual_organ,function_variables; reasoning,physiological_state,wearable_driven_mixed_sources,anatomy_plus_external_streams,stream_driven_offline,factual_state_reconstruction,none,numerical_verification,not_identified,Longitudinal coronary CFD with reusable hemodynamic units and clustering.,Coronary flow; Wall shear stress,No evaluated treatment action,Patient-specific angiographic geometry is combined with public continuous physiological streams; same-person pairing is not established here.,Longitudinal reconstruction over six weeks; not demonstrated live clinical control.,Compared with explicit numerical simulations; long-horizon reconstruction.,Numerical agreement and long-duration simulation do not establish prospective disease prediction or treatment benefit.,dt-src-lhmf,primary_sections,2026-09-28,curator_assessment,paper-dt-lhmf,local-v1.2.0
method-dt-wpinn,reported_twin,cardiovascular,individual_organ,function_variables; reasoning,physiological_state,wrist_and_other_wearable,person_specific,offline_calibration_replay,factual_state_reconstruction,none,measurement_comparison; numerical_verification,not_identified,Windkessel physics-informed neural network for cardiovascular parameter estimation.,Blood pressure; Resistance; Compliance,No tested therapeutic policy,Distinct ring and wrist bioimpedance protocols; wrist protocol includes 23 hypertensive participants.,Protocol-based signal fitting; chronic autonomous deployment not established.,Human blood-pressure reconstruction/prediction was evaluated using separate ring and wrist bioimpedance protocols; recovery of cardiovascular model parameters was additionally tested on synthetic data. The synthetic parameter-recovery experiment is not direct human ground-truth validation of those internal parameters.,Parameter fitting needs its own identifiability checks; ring and wrist evidence are retained separately.,dt-src-wpinn,primary_sections,2026-09-28,curator_assessment,paper-dt-wpinn,local-v1.2.0
watch-local-dt-gait-lab,reported_twin,musculoskeletal,individual_person,function_variables,functional_status; activity_behavior,multi_location_wearable,person_specific,stream_driven_offline,factual_state_reconstruction,none,measurement_comparison; pilot_human_study,not_identified,IMU/EMG-driven neuromusculoskeletal model for a wearable gait laboratory.,Joint angles; Ground reaction forces; Ankle torque,No randomized rehabilitation intervention,Five IMUs and EMG with laboratory references; four post-stroke and nine healthy participants.,Gait-cycle and walking-trial estimates.,Agreement with laboratory biomechanical references.,"Biomechanical agreement does not establish recovery benefit, and multi-location sensing is not wrist-only.",dt-src-gait-lab,primary_sections,2026-09-28,curator_assessment,paper-dt-gait-lab,local-v1.2.0
method-dt-bone-stress,reported_twin,musculoskeletal,individual_organ,function_variables,functional_status; activity_behavior,other_wearable,person_specific,stream_driven_offline,factual_state_reconstruction,none,measurement_comparison; numerical_verification,not_identified,Personalized foot shape and finite-element modeling with a domain-adapted LSTM surrogate.,Foot bone stress; Running kinematics,No tested injury-prevention intervention,Wearable inertial signals and personalized biomechanical modeling; 50-participant study.,Running-related dynamic stress estimates.,Model and surrogate agreement under the reported running protocol.,Predicted stress is not directly measured internal stress or prospectively validated fracture prevention.,dt-src-bone-stress,primary_sections,2026-09-28,curator_assessment,paper-dt-bone-stress,local-v1.2.0
method-dt-bladder-electrodes,reported_twin,bladder_sensor_design,individual_organ,function_variables; reasoning,measurement_quality; physiological_state,wearable_context_proposed,person_specific,offline_calibration_replay,mechanistic_what_if,simulation_only,numerical_verification,assumption_dependent_simulation,Radiology-derived conductivity model for electrode placement and bladder-volume simulation.,Bladder volume; Bioimpedance voltage,Electrode placement; Excitation configuration,Anatomical conductivity simulations for a proposed body-worn monitoring design.,Offline design optimization across simulated filling states.,In-silico electrode sensitivity and volume-estimation evaluation.,The evaluated action is sensor design; no reduction in heart-failure admission or mortality is demonstrated.,dt-src-bladder-electrodes,primary_sections,2026-09-28,curator_assessment,paper-dt-bladder-electrodes,local-v1.2.0
watch-local-dt-replaybg,reported_twin,metabolic,individual_person,function_variables; reasoning,physiological_state,other_wearable,person_specific,offline_calibration_replay,mechanistic_what_if,simulation_only,retrospective_prediction; numerical_verification,assumption_dependent_simulation,"Personalized physiological glucose model identified from observed diabetes data, then replayed.",Glucose trajectories,Insulin input; Carbohydrate input,"CGM, insulin and meal histories identify a personal replay model.",Calibration followed by alternative-therapy replay.,Methodological simulation/reconstruction evaluation.,Alternative trajectories remain model-dependent and do not by themselves identify a causal treatment effect.,dt-src-replaybg,abstract_metadata,2026-09-28,curator_assessment,paper-dt-replaybg,local-v1.2.0
method-dt-uva-replay-validation,reported_twin,metabolic,individual_person,function_variables; reasoning,physiological_state,other_wearable,person_specific,offline_calibration_replay,mechanistic_what_if,simulation_only,trial_data_replay,assumption_dependent_simulation,Replay simulators fitted to randomized crossover trial data.,Time in range; Time below range; Glucose risk indices,Hybrid versus fully closed-loop insulin modality,64 subject/modality pairs from a prior crossover trial.,Retrospective trial replay.,Several glycemic metrics met equivalence; time below range failed equivalence.,Reusing randomized data validates particular simulated outcomes; this paper is not a new randomized deployment of the replay tool.,dt-src-uva-replay-validation,abstract_metadata,2026-09-28,curator_assessment,paper-dt-uva-replay-validation,local-v1.2.0
method-dt-exercise-dss,reported_twin,metabolic,individual_person,function_variables; reasoning; interventions,physiological_state; activity_behavior,wrist_and_other_wearable,person_specific,offline_calibration_replay,mechanistic_what_if,simulation_only,numerical_verification,assumption_dependent_simulation,Glucoregulatory exercise digital twins for testing exercise decision support.,Glucose; Time below range; Time in range,Exercise-related carbohydrate and insulin strategies,"Clinical histories from 247 participants, including wrist heart rate, drive simulated comparisons.",Exercise-session simulation.,Primary time-below-range outcome did not improve over guidelines; secondary time-in-range improved in simulation.,Observed source data do not turn simulated policy outcomes into prospective intervention evidence.,dt-src-exercise-dss,primary_sections,2026-09-28,curator_assessment,paper-dt-exercise-dss,local-v1.2.0
intervention-dt-studia,reported_twin,metabolic,individual_person,function_variables; reasoning; interventions,physiological_state,other_wearable,person_specific,offline_calibration_replay,mechanistic_what_if,patient_decision_support,randomized_intervention,randomized_bundle_only,STUDIA digital-twin-enhanced bolus decision support.,Glucose time in range; Hypoglycemia,Bolus decision support,"28-person, four-week open-label randomized study with CGM.",Four-week intervention; model refresh cadence not appraised.,Trial reported improved time in range for the tested support system.,Small short-term system-level trial; no isolated twin-component effect or long-term disease benefit established.,dt-src-studia,primary_sections,2026-09-28,curator_assessment,paper-dt-studia,local-v1.2.0
method-dt-replaybg-web,reported_twin,metabolic,individual_person,function_variables; reasoning,physiological_state,other_wearable,person_specific,offline_calibration_replay,mechanistic_what_if,simulation_only,software_interface,assumption_dependent_simulation,Web interface for personal ReplayBG model creation and what-if replay.,Glucose trajectories,Meal and insulin input scenarios,User-supplied standardized diabetes histories; interface resource.,Offline calibration and interactive scenario exploration.,Software/interface contribution; no clinical outcome validation inferred.,Usability or access improvements do not validate the safety of therapy recommendations.,dt-src-replaybg-web,abstract_metadata,2026-09-28,curator_assessment,paper-dt-replaybg-web,local-v1.2.0
watch-local-dt-nurse-pdt,reported_twin,metabolic,individual_person,function_variables; reasoning; interventions,physiological_state; activity_behavior,direct_wrist,group_conditioned,periodic_retraining,predictive_input_scenarios,human_reviewed_advice,pilot_human_study; randomized_intervention,randomized_bundle_only,Diet-condition-group-fine-tuned ANN plus particle swarm optimization and nurse review.,Next-day glucose; Weight; Activity,Daily dietary and activity SMS recommendations,"Fitbit Inspire 2 steps, food logs, scale and glucose measures; 19-person ancillary randomized subset.",Daily feedback and weekly retraining after baseline observation.,"Exploratory trial: weight-loss signals, no significant glucose change; between-group significance needs careful reading.","Methods specify group-conditioned fine-tuning, not a separately fitted model per person; lack of glucose significance is not equivalence or safety proof.",dt-src-nurse-pdt,primary_sections,2026-09-28,curator_assessment,paper-dt-nurse-pdt,local-v1.2.0
method-dt-synthetic-sharing,synthetic_data_analogue,synthetic_data,synthetic_cohort,function_variables,measurement_quality,direct_wrist,synthetic_matching,not_applicable,synthetic_data_generation,not_applicable,synthetic_privacy_utility,not_applicable,DataSifter and synthetic-data generation for wearable-linked clinical data sharing.,Synthetic wearable and clinical records,Data-sharing/synthesis choices,"Apple Watch and clinical data from 3,029 participants; synthetic records are not maintained individual dynamical models.",Offline dataset synthesis.,Privacy–utility and re-identification-risk evaluations.,Synthetic-twin terminology does not establish personal counterfactual dynamics or guaranteed anonymity.,dt-src-synthetic-sharing,primary_sections,2026-09-28,curator_assessment,paper-dt-synthetic-sharing,local-v1.2.0
watch-local-dt-hydration,reported_twin,hydration,individual_person,function_variables; reasoning,physiological_state; context_receptivity,direct_wrist,person_specific,stream_driven_offline,predictive_input_scenarios,simulation_only,pilot_human_study; retrospective_prediction,not_identified,Person-specific XGBoost prediction of urine specific gravity with hypothetical input scenarios.,Urine specific gravity,Hypothetical beverage scenarios,Three participants over 20 non-consecutive days; Garmin HR-derived measures and Chill+ GSR with intake and urine data.,Three-hour windows shifted by 15 minutes for estimated trajectories.,Small multimodal feasibility study and illustrative what-if analyses.,Input edits in an observational predictor do not establish beverage treatment effects; cumulative physiology is not modeled.,dt-src-hydration,primary_sections,2026-09-28,curator_assessment,paper-dt-hydration,local-v1.2.0
method-dt-lung,reported_twin,respiratory,individual_organ,function_variables,physiological_state,clinical_signal_transfer,anatomy_plus_external_streams,stream_driven_offline,factual_state_reconstruction,none,measurement_comparison,not_identified,ECG-derived respiration drives a CT-based lung-motion representation.,Respiratory rate; Lung motion representation,No tested treatment action,BIDMC and CapnoBase clinical signals; synchronized same-person ECG and 4D-CT validation is not established.,Authors target real-time operation; publication-page appraisal emphasizes proof-of-concept scope.,Respiratory-rate evaluation; direct quantitative dynamic mesh validation remains limited.,Wearable-oriented title does not establish a wrist-worn prospective deployment or validated personalized lung mechanics.,dt-src-lung,abstract_and_open_reviews,2026-09-28,curator_assessment,paper-dt-lung,local-v1.2.0
intervention-aid-digital-twin-coadaptation-2025,reported_twin,metabolic,individual_person,function_variables; reasoning; interventions,physiological_state,other_wearable,person_specific,not_appraised,mechanistic_what_if,human_adjustment_with_device_control,randomized_intervention,randomized_bundle_only,Personalized diabetes simulations support human–machine co-adaptation.,CGM glucose state and therapy parameters described by the prior co-adaptation card,"Digital-twin replay, suggested parameter updates and user what-if exploration versus information-feedback periods.",CGM and automated insulin delivery study already catalogued in v1.1.,Six-month study in the preserved v1.1 card; state-refresh and recalibration cadence not independently appraised in this pass.,"72 completed the six-month randomized-sequence study. Replay model and clinical package evaluated together. This is a cross-link to the preserved v1.1 annotation, not a fresh full-text review.",System trial evidence is retained; isolated simulator benefit and transfer to wrist-only sensing are not established.,causal-src-digital-twin-aid,prior_version_annotation,2026-09-28,curator_assessment,paper-digital-twin-aid,local-v1.2.0
method-motr,method_enabler,behavioral,individual_person,reasoning,activity_behavior; sleep_circadian,direct_wrist,person_specific,offline_calibration_replay,model_based_effect_estimation,none,retrospective_prediction,assumption_dependent_simulation,Model Twin Randomization for within-person longitudinal effects.,daily physical activity; sleep duration; past activity and sleep,Specified within-person physical-activity exposure contrasts; model-generated randomization.,Prior v1.1 source profile links Fitbit activity and sleep.,See original study; no new timing appraisal.,"Simulations and the authors’ longitudinal Fitbit step/sleep histories. This is a cross-link to the preserved v1.1 annotation, not a fresh full-text review.","Model Twin Randomization is a causal-method connection, not evidence of a continuously synchronized digital-twin system.",causal-src-motr,prior_version_annotation,2026-09-28,curator_assessment,paper-motr,local-v1.2.0
watch-local-walking-fingerprinting,method_enabler,behavioral,not_applicable,function_variables,identity,direct_wrist,not_applicable,not_applicable,not_evaluated,not_applicable,measurement_comparison,not_applicable,Walking-based identification as a possible identity-binding prerequisite.,person identifier; walking acceleration,Not applicable: no action is assigned in this resource.,Existing wrist fingerprinting record; conceptual connection only.,See original study; no new timing appraisal.,"IU and ZJU wrist accelerometry; within- and between-session identification tasks. This is a cross-link to the preserved v1.1 annotation, not a fresh full-text review.","Identity discrimination alone does not establish latent physiological state, a causal simulator or treatment benefit.",causal-src-walking-fingerprinting,prior_version_annotation,2026-09-28,curator_assessment,paper-walking-fingerprinting,local-v1.2.0
method-heartsteps-mrt-2019,method_enabler,behavioral,not_applicable,interventions,activity_behavior; context_receptivity,direct_wrist,not_applicable,not_applicable,not_evaluated,not_applicable,randomized_intervention,not_appraised,Micro-randomized intervention evidence as a simulator-validation connection.,context and availability; suggestion assignment; 30-minute steps,"Walking suggestion, anti-sedentary suggestion or no suggestion, randomized at repeated times.",Original HeartSteps record is retained; the new subpopulation simulator is separately watchlisted.,See original study; no new timing appraisal.,"Six-week MRT; 44 adults enrolled. Pooled suggestion comparison p=.06; type/time-specific effects differ. This is a cross-link to the preserved v1.1 annotation, not a fresh full-text review.",The original intervention trial must not be counted as validation of a later digital twin.,causal-src-heartsteps-mrt,prior_version_annotation,2026-09-28,curator_assessment,paper-heartsteps-mrt,local-v1.2.0
